Vehicle_ID,Customer_Name,Phone_Number,Email,Address
V0001,Richard Morris,3741711029,brookestephens@example.net,"Unit 7297 Box 8509, DPO AP 97039"
V0002,Thomas Martinez,1905619344,biancagardner@example.com,"USNV Mcbride, FPO AE 64962"
V0003,Kristen Mcintosh,3856347378,colson@example.com,"1163 Steven Locks Apt. 832, Nicholasside, ME 58107"
V0004,Catherine Pearson,3255944413,boyerkyle@example.com,"04183 Riley Creek Suite 128, Bishopview, WV 48016"
V0005,Rhonda Sparks,9552701833,michael14@example.com,"6055 Thomas Parks, Butlerside, AZ 63845"
V0006,Michael Williams,4186026602,williamsyvonne@example.com,"03678 Webb Mall Apt. 968, West Jimmy, CA 69722"
V0007,Laurie Thomas,9042114494,qmcpherson@example.com,"USNS Sanchez, FPO AA 56404"
V0008,Curtis Keller,0978975709,uturner@example.org,"064 Keith Place, Gomezside, OK 31162"
V0009,Craig Ortiz,3063116362,jonesshawn@example.net,"73997 Newman Crescent Suite 221, Millerton, AR 99079"
V0010,Melissa Smith,0409605611,melissa82@example.com,"PSC 2053, Box 9581, APO AA 03101"
V0011,Dennis Lynn,2486668673,ryanbrittany@example.net,"3376 Taylor Brooks Apt. 274, Donaldberg, AK 43650"
V0012,Lynn Hayes,5917560857,rodney14@example.org,"414 Derrick Street, Lake Brendaside, MH 41916"
V0013,James Paul,6280351246,mwest@example.net,"7431 Wade Drive, Gonzalezburgh, MO 52225"
V0014,April Browning,7995166134,nmyers@example.net,"7349 Green Fords Suite 153, New Adriennestad, CO 17558"
V0015,Diane Huynh,7880024032,johnsonjoseph@example.net,"741 Ashley Spurs, North Edwinton, MP 47740"
V0016,Stephen Clark,2609118508,fwilson@example.net,"8753 Massey Groves, South Taylor, MA 55984"
V0017,Laura Martinez,8088596997,watsonallison@example.org,"934 Barajas Shoal Suite 880, West Moniquefurt, OH 17895"
V0018,Ann Quinn,1944055100,janicesavage@example.org,"07749 Alyssa Estate Apt. 959, West Gregorystad, NY 47058"
V0019,Shelby Day,5394100686,ebonygomez@example.net,"998 Ross Shores, Bridgesberg, PR 43067"
V0020,Cassandra Thompson,7017906116,jenniferrodriguez@example.net,"USNV Kaufman, FPO AA 76791"
V0021,Doris Mcbride,7164863356,michaellawson@example.org,"4312 Carlson Ports, Kimberlytown, GA 84949"
V0022,Nicole Nolan,4025560643,hansonjay@example.com,"4630 David Via, Markbury, OR 20002"
V0023,Michael Wood,9988783639,david31@example.net,"9903 Stephanie Mill, Veronicamouth, PR 48026"
V0024,Deborah Davies,0395418887,john86@example.net,"3603 Santiago Prairie, Michaelbury, NC 07566"
V0025,Richard Carter,1789727180,medinachristina@example.net,"9209 Aaron View, North Derrick, NC 99390"
V0026,David Kline,2952458524,schmitttanya@example.org,"565 Hernandez Overpass, Rachelburgh, IL 72108"
V0027,Arthur Lane,6895037252,patriciaporter@example.com,"89632 Davenport Plaza Suite 763, West Mary, WV 71649"
V0028,Angela Bennett,2054885581,williamsjillian@example.net,"1408 Richardson Neck Apt. 756, Potterside, NM 59780"
V0029,Kathleen Taylor,4392978149,walldavid@example.com,"534 Duffy Corner, Port Cynthia, OK 61901"
V0030,Sherri Parsons,8741067051,wpotter@example.net,"2523 Walker Mount Suite 601, East Stephanie, LA 91800"
V0031,Diana Warren,9717536896,vickiemacdonald@example.net,"38751 Greene Turnpike Apt. 428, Lake Jessicafort, GU 68773"
V0032,Richard Soto,6430660576,ebrown@example.com,"773 Chase Cape Apt. 768, Chambersshire, PA 39134"
V0033,Donald Allen,0484786993,jacob03@example.com,"14942 Justin Viaduct, Port James, MI 00554"
V0034,Nicole Marshall,3025865666,williamlang@example.com,"62027 Wright Ridge, North Nicolechester, CA 27629"
V0035,Randall Hinton,4577902042,mendozatimothy@example.com,"04672 Mcclain Fork, Daniellefort, WI 31520"
V0036,Michelle Evans,9172483693,jjohnson@example.com,"00101 Margaret Parkways Apt. 959, Port Lisa, AR 39933"
V0037,Joan Johnston,3917099256,buchananerin@example.com,"72413 Reeves Squares Apt. 595, Jonesland, CO 93631"
V0038,Megan Smith,9054159790,cgonzalez@example.com,"5452 Shelia Avenue, South Jason, NM 32631"
V0039,Zachary Jefferson,4795397113,kruiz@example.org,"432 Crystal Mountains, New Stephentown, SD 39565"
V0040,John Caldwell,9198063910,diane61@example.com,"57384 Hunter Brook, South Gabriel, WY 85916"
V0041,Paul Andrews,5467519526,cynthiahart@example.net,"706 Norman Circles, North Bradley, MH 06843"
V0042,Joshua Hudson,6659683040,samantha06@example.net,"85779 Sydney Port, New Jean, SC 05586"
V0043,Janet Wiggins,0463373300,torresmichael@example.net,"818 Michael Burg Suite 487, Smithhaven, DE 89304"
V0044,Kristie Hughes,6218689625,whowell@example.org,"8807 Mcgee Shores Apt. 012, East Brandon, AK 52618"
V0045,Ryan Smith,2476467702,emily89@example.com,"840 Hutchinson Spur Apt. 022, Patriciabury, MT 41509"
V0046,Michael Calderon,3502498227,novakjulie@example.org,"2022 Kellie Lane, North Tammy, KS 24178"
V0047,Jennifer Pratt,5286220861,poneill@example.com,"48556 Joshua Viaduct Suite 138, Karenfort, NY 40906"
V0048,Marie Martin,7825342763,sally86@example.com,"813 Brown Mill, Lisaton, DC 59706"
V0049,Cynthia Jones,9033378057,aortiz@example.org,"4237 Darin Walks, Nancyfort, VA 55892"
V0050,Christina Payne,9611780929,robertcooper@example.org,"5675 Howell Underpass, New Jenniferbury, MA 38628"
V0051,Cynthia Townsend,2876607814,browngregory@example.org,"21678 Marcia Freeway, Sandersbury, MH 27839"
V0052,Tina Flores,4127348470,ccarpenter@example.net,"Unit 6269 Box 3246, DPO AP 21193"
V0053,Jessica Castro,5980186957,poolejames@example.com,"209 Barry Crescent Suite 835, Millerport, OH 89362"
V0054,Jennifer Jenkins,0390058807,monicadavis@example.org,"2440 Chen Place Suite 137, Port Christopherburgh, WV 39934"
V0055,Sara Torres,5857596166,charleswebb@example.net,"7929 Perez Landing Apt. 158, Veronicafurt, AR 02892"
V0056,Timothy Jackson,9655047173,mary98@example.net,"344 Alexander Parkway, North John, NH 42428"
V0057,Aaron Bryan,9832907091,rebecca88@example.net,"12725 Malone Shoals Suite 686, South Zacharyport, MP 69570"
V0058,Haley Walsh,2495346802,wolfeelizabeth@example.net,"0982 Brown Gardens, West Jasmine, OK 73910"
V0059,Michael Phillips,6652146536,dana17@example.net,"1852 Blanchard Trace Suite 673, Port Kellie, MI 06447"
V0060,Matthew Foley,1613825213,kimberly29@example.com,"86715 James Alley, Jonesmouth, MH 11034"
V0061,Jessica Bailey,8175627031,tracy81@example.net,"093 Lutz Streets Apt. 030, Lake Hollymouth, MA 73206"
V0062,Joshua Lopez,4664503333,laura42@example.com,"678 Newton Trafficway, Stevensville, NM 18091"
V0063,Benjamin Davis,6189180282,eric80@example.com,"193 Williams Ridges, Marshallfort, WA 82352"
V0064,Joseph Rosales,6315368986,gregory29@example.org,"5904 Tracy Rest Apt. 992, South Johnberg, ME 47302"
V0065,Morgan Buchanan,2567163750,daisylee@example.net,"35175 Bridget Lights, Lake Gregorychester, DE 63637"
V0066,Donna Long,7796846387,kristalloyd@example.net,"412 Peter Field, New Sean, HI 90118"
V0067,Kelly Pace,0377112290,michael04@example.com,"158 Linda River Apt. 729, Port Marymouth, RI 24943"
V0068,Elizabeth Murphy,8033495515,hsnyder@example.net,"Unit 1268 Box 4748, DPO AP 67754"
V0069,Charlotte Esparza,8463864778,flemingmichael@example.org,"04629 Amanda Way Apt. 218, Martinezburgh, MN 84559"
V0070,Michael Carter,3345188214,tstrickland@example.com,"1102 Dunn Summit, New Hunter, MN 69027"
V0071,Jessica Solomon,3251271511,tmolina@example.com,"96824 Wright Glens, Lake Ryanstad, MH 97991"
V0072,Justin Sandoval,5858011428,yatesharold@example.org,"76127 Andrew Cliffs, South Deniseville, NE 42351"
V0073,Emily Herring,4439574393,kristinavazquez@example.org,"5953 Nicole Loaf, Port Adamborough, NJ 80012"
V0074,Joshua Sullivan,5598721599,felicia29@example.com,"53473 Martinez Shores, South Thomasbury, ID 06454"
V0075,Jessica West,5692754092,kevin71@example.com,"606 Johnson Stream Apt. 723, Hannahchester, CT 41544"
V0076,Andrea Myers,2062056662,stephanie54@example.org,"17350 Timothy Walks Suite 270, Lake Terryfurt, TX 83829"
V0077,Alyssa Coleman,3185328241,brendawilliams@example.org,"039 Joyce Neck Apt. 543, Bobbyville, WI 30162"
V0078,Justin Christensen,3528817690,ielliott@example.org,"4516 Benson Overpass Apt. 002, Lake Martin, AS 53115"
V0079,Lisa Lewis,9270315109,joshualee@example.net,"866 Perez Mountains, North David, NV 17556"
V0080,Megan Davis,0915720826,debbie90@example.com,"13184 Obrien Villages Apt. 415, East Justinborough, KS 53267"
V0081,Rodney Ramos,7819674136,phernandez@example.net,"Unit 2241 Box 0001, DPO AP 84779"
V0082,Joanna Lowe,9881215185,brandonroman@example.net,"098 Brenda Loop Suite 523, Adrianmouth, OH 08274"
V0083,Maria Wilson,1301931482,mcdonaldbenjamin@example.org,"Unit 5992 Box 0945, DPO AA 44693"
V0084,Kathy Patterson,5201852812,dannywhite@example.org,"117 Rios Crescent Apt. 495, Lake Sherry, OR 11005"
V0085,Kristin Reynolds,2652354535,whuffman@example.org,"64158 Lara Drive, Port Matthewberg, MP 35022"
V0086,Hector Jackson,4237825262,gonzalezrebecca@example.com,"7911 Jones Track, Jeffreymouth, OH 15200"
V0087,Travis Sandoval,6731851266,lfigueroa@example.net,"5610 Shelby Flats Apt. 942, East Elizabeth, MS 65596"
V0088,Melissa Yates,5101635316,smithrobert@example.org,"17006 Mario Cliff, Port Jennifer, AL 95134"
V0089,Andrew Whitehead,8953560959,walkerlaura@example.org,"6444 Palmer Ramp, Simschester, NE 73145"
V0090,Shelley Boyd,7529522522,kevinbrewer@example.org,"0025 Molly Plains Suite 117, North Cindy, MS 43063"
V0091,Carrie Walker,5591032034,larsonrichard@example.net,"8371 Neil Drive, West Samantha, TX 46375"
V0092,Michael Rowland Jr.,4947972606,kfrey@example.com,"12901 Dennis Roads, North Travisland, TX 62829"
V0093,Janet Foster,8178386239,afletcher@example.org,"6375 Reid Way, North Anthonyview, AK 25249"
V0094,Michael Knight,1516321599,qmonroe@example.net,"7686 Baxter Keys, Lake Robertland, TN 36519"
V0095,Kristen Phillips,4282165308,margaret72@example.net,"PSC 2922, Box 4302, APO AA 39118"
V0096,Sarah Nichols,0102061243,makaylawillis@example.com,"5385 Tiffany Forge Apt. 897, Michaelfort, NY 51680"
V0097,Sean Wilson,9522063544,fowlerkenneth@example.net,"73587 Smith Mews, East Jeremy, KY 14758"
V0098,Matthew Ryan,1918059840,ysnyder@example.net,"958 Dylan Pike, Derekshire, OR 62051"
V0099,Rhonda Holmes,7634714251,diana70@example.com,"PSC 2845, Box 5284, APO AA 66677"
V0100,Lisa Taylor,6165124206,luis66@example.com,"9273 Steven Lodge, South Dylan, WA 90965"
V0101,Bill Huffman Jr.,7212776477,denisemorrison@example.com,"642 Davis Prairie, Port Krystalfort, IN 15634"
V0102,Alicia Larson,3704258120,markschmidt@example.net,"PSC 0970, Box 4888, APO AE 66285"
V0103,Douglas Jackson,7427523603,randallmichael@example.org,"22937 Carla Plaza, West Joelville, IA 27391"
V0104,Michelle Yoder,7952893853,ashley87@example.org,"25109 Delgado Shore Apt. 580, Leestad, MT 65320"
V0105,Anthony Thompson,6618951031,martinshane@example.net,"05754 Lori Summit, West Davidfurt, SD 61490"
V0106,Kayla Hall,4360450765,michaeldaniels@example.net,"0895 Ryan Mills Suite 411, Pamelastad, GU 69802"
V0107,Joshua Roberts,4346807429,mark46@example.com,"500 Sarah Run, Jamesmouth, MA 46546"
V0108,Caroline Stone,5086302823,terryjustin@example.com,"USNS Kennedy, FPO AA 96818"
V0109,Amy Jefferson,6589388587,aaronmitchell@example.com,"8555 Warren Overpass Suite 810, Sarahland, AK 72440"
V0110,Emily Hill,8218342640,meyersmatthew@example.com,"44256 Rodriguez Run, Leehaven, MP 30263"
V0111,Lisa Wilson,8102753392,qjones@example.org,"488 Jessica Forest Apt. 342, Perezmouth, AR 12165"
V0112,Shawna Jenkins,5061041042,robinsonmark@example.net,"9082 Eugene Fields Apt. 240, West Robyn, WI 82211"
V0113,Kim Dougherty,5380958850,david28@example.net,"876 John Extensions, Roblesview, NH 65033"
V0114,Carlos Wilson,2279446334,marieanderson@example.net,"PSC 0603, Box 4337, APO AP 38553"
V0115,Jennifer Garrison,2313391531,aguirrethomas@example.com,"5087 Daniel Heights Apt. 240, New William, WY 19655"
V0116,Allen Graham,5199963475,jasmine37@example.org,"Unit 6330 Box 0971, DPO AA 02130"
V0117,Christine Kim,4660662426,zbranch@example.org,"7194 Melissa Rest, South Jonathan, PA 49807"
V0118,Sean Williams,9757466246,tcantrell@example.com,"971 Lynch Crossroad, Jenniferberg, NV 92683"
V0119,Donna Wilson,6105957671,kathryn64@example.org,"7327 Flores Keys Apt. 688, Colliertown, OR 29847"
V0120,David Delacruz Jr.,6786164752,beckjaclyn@example.com,"370 Delacruz Forges Suite 368, Barrside, OH 27255"
V0121,Lauren Anderson,0296376371,moorenancy@example.org,"0755 Hart Drives, New Johnburgh, SC 48729"
V0122,Keith Jacobs,0661652431,nicholas00@example.com,"098 Brian Locks, Novakchester, SD 23997"
V0123,Zachary Perez,6853157162,moralesrobert@example.org,"61540 Lawrence Point Suite 892, Bergport, TX 92250"
V0124,Dale Owen,3929684528,mary85@example.com,"61865 Joel Harbor Apt. 189, Martinezville, AK 09842"
V0125,Daniel Gallegos,0657128079,vwest@example.com,"PSC 9587, Box 5161, APO AP 89105"
V0126,Brent Gibson,1512911592,amberryan@example.org,"0861 Flores Terrace, Lynnfurt, OR 65730"
V0127,Justin Case,8969199677,michaelromero@example.com,"8139 Kristin Walks, West Wandaside, NE 90025"
V0128,Haley Long,1881402497,matthewstravis@example.net,"8278 Clark Manor Suite 529, Cookberg, LA 51313"
V0129,Victor Morales,8826883147,amiller@example.com,"693 Jeremy Summit Suite 744, North Mariah, KY 07717"
V0130,Melissa Peterson,3200440508,cooperjoshua@example.net,"792 Ford Turnpike, Mendozaview, VI 87755"
V0131,Lindsay Olsen,4984539767,madeline22@example.net,"5659 James Wells, Walkerton, DE 87726"
V0132,Jermaine Mullins,1740269042,stevenedwards@example.net,"6657 Griffin Expressway, East Ambershire, LA 11385"
V0133,Stephanie Joyce,6408141394,bobbycosta@example.org,"713 Collins Extension Suite 488, Lake Barbara, GA 46525"
V0134,Miguel Martinez,6709885236,tjones@example.com,"28346 Charles Locks, Boylechester, ID 06310"
V0135,Carrie Curry,4724664709,vortega@example.net,"8090 Carl Prairie, Port Ryan, LA 18147"
V0136,Ann Dean,8975180565,jessica64@example.net,"9080 Jenna Cove Suite 871, Marshallburgh, AL 37838"
V0137,Samantha Stanley,4890929072,kristen08@example.org,"35923 Ashley Street, Chadfort, MO 30910"
V0138,Ashley Adams,3793652913,katherinevargas@example.com,"67951 Jones Turnpike Suite 049, Brandistad, NM 93831"
V0139,Kimberly Avery,4243507099,brooksmichael@example.org,"89311 Stephanie Street Suite 373, Danielsview, AS 84723"
V0140,Gabrielle Le,7948847946,hwalker@example.com,"584 King Fork, Wardfort, ID 82738"
V0141,Curtis Bailey,7182481508,amber44@example.net,"0319 Lisa Mission, West Julie, NM 19538"
V0142,Christopher Dean,1246321384,troy73@example.net,"92558 Yates Ford Apt. 066, Lake Kelsey, DC 23602"
V0143,Ryan Small,6369352489,zmason@example.org,"40063 Carson Way Apt. 464, East Michaelside, ND 01782"
V0144,Lisa King,7284143285,vlee@example.net,"3391 Wright Pass Apt. 369, Johnsonmouth, SD 72885"
V0145,Cathy Brown,6024877984,juan83@example.org,"5936 Michael Trafficway, Port John, OH 66541"
V0146,Julie Hendrix,1610842169,amanda72@example.org,"3056 Deanna Vista, Port Andreaview, GU 76230"
V0147,Karen Fuller,4041047162,peter19@example.org,"951 Smith Avenue Suite 360, New Jesseport, ND 53758"
V0148,Jordan Baldwin,0128036454,shaun79@example.com,"528 Pham Ridge Suite 191, Anthonyburgh, SC 02491"
V0149,Ashley Combs,8952365029,smarshall@example.net,"4744 Megan Route Apt. 030, Port Samuel, NY 13929"
V0150,John Bush,1806324770,nfleming@example.org,"5979 Donna Trace, Monicaland, MS 05670"
V0151,Dr. Kayla Rodriguez MD,8749427203,grahambrandon@example.org,"PSC 7301, Box 4943, APO AE 25153"
V0152,Tanya Foley,4612680155,angela38@example.org,"83921 Long Crossing, North Jamie, AS 88539"
V0153,Joshua Lucero,6309197258,iferguson@example.net,"39104 Allen Squares Suite 622, North Staceystad, MP 44734"
V0154,Leslie Bennett,4295780974,brandon92@example.org,"PSC 2423, Box 2206, APO AP 54549"
V0155,Jason Wilkinson,7399597759,lopezjacob@example.com,"Unit 2504 Box 9536, DPO AA 20782"
V0156,Rachel Stafford,3982576143,sandovaldavid@example.com,"6732 Jennifer Manor, West Michael, FM 80261"
V0157,Manuel Shaw,1162903841,robert98@example.org,"2586 Kaitlyn Run Suite 571, West Jamesstad, CO 66981"
V0158,Robert Villegas,9522525742,danieljones@example.net,"050 Daniel Brooks, West Michaelstad, OK 32743"
V0159,Michelle Martinez,2498170832,rogerskevin@example.org,"033 Laura Fall Suite 789, North Oliviachester, SD 31451"
V0160,Jason Cunningham,5579972733,carrie03@example.net,"5888 Thomas Mountain, West Tracy, HI 23379"
V0161,Robert Guzman,3168612532,benjamin10@example.net,"667 Jackson Greens, Port Jasonland, ME 25380"
V0162,Sarah Singleton,4880674148,perezdavid@example.org,"1569 George Port, Justinbury, ND 80668"
V0163,Christopher Bennett,1656753546,nicholschelsey@example.org,"002 Watson Run, Lawrenceburgh, TN 50431"
V0164,Dustin Rowe,0552743140,curtismiller@example.net,"1748 Erin Court, Port Brandonstad, MT 01561"
V0165,Thomas Landry,8367770122,daniel79@example.net,"55150 Rogers Mill, Port James, NE 82978"
V0166,Charles Heath,9560239572,tphillips@example.com,"868 Ortega Green, Taylorview, OK 05439"
V0167,Jack Burton,4137628782,robert62@example.com,"87770 David Meadows, New Jessicaberg, MH 42728"
V0168,Jessica Perez,8931081570,michael15@example.net,"516 Jones Lights, Terrymouth, NM 73911"
V0169,Doris Adams,8082371541,danielamanda@example.net,"556 Nicholas Overpass, Lake Matthewland, MN 94337"
V0170,Lisa Jackson,0287836258,paustin@example.org,"028 Mahoney Place, North Aprilbury, MP 51642"
V0171,Edward Green,1445003195,nelsonsydney@example.org,"045 Donald Junctions Apt. 869, South Barry, NJ 57747"
V0172,James Ramos,3040316896,george89@example.com,"720 Meagan Fall, Morrisborough, MN 50170"
V0173,Joanne Roth,7286182659,sandra46@example.net,"798 Parker Lights, Edwardsmouth, WY 15059"
V0174,Samantha Nolan,8248973128,kevin87@example.net,"78069 Robert Village, Joannaborough, WI 20006"
V0175,Jason Bailey,5421140734,wwaters@example.com,"PSC 6860, Box 2920, APO AA 00999"
V0176,Michael Hughes,3684139381,wilkinsonanthony@example.net,"Unit 2935 Box 9746, DPO AE 34555"
V0177,William Allen,9801122352,robertramirez@example.com,"51689 Ashley Forge Apt. 246, West Erin, VI 21489"
V0178,Anthony Cooper,0421758256,ccollins@example.org,"Unit 0180 Box 5804, DPO AP 36812"
V0179,Donna Santana,0089539316,jeromefreeman@example.org,"8238 Dustin Island, Port Debraport, VA 61810"
V0180,Debra Hernandez,8490187150,syoung@example.org,"82526 Nicole Mountain, New Corey, AR 59391"
V0181,Jessica Hart,0355518395,pacerobert@example.net,"3799 Cook Lodge, Debratown, GA 65621"
V0182,Alexa Frost,5547129667,frostcory@example.org,"932 Sophia Meadow, Nancyborough, NV 22264"
V0183,Charles Lewis,6023951604,gregoryfrye@example.org,"74100 Cynthia Village, West Heatherberg, AZ 05964"
V0184,Rodney Ward,4865375049,rachel25@example.com,"PSC 7483, Box 4707, APO AP 22287"
V0185,Amanda Sawyer,6239517095,danielskatie@example.net,"9170 Hill Street, East Rachelstad, WI 08442"
V0186,Matthew Jones,2086245497,burgessmandy@example.net,"2821 Craig Flat, Lake Larry, PW 94870"
V0187,Maria Ballard,4960887994,foleymary@example.com,"92490 Sanchez Stream, West Rebecca, DE 27842"
V0188,Alisha Lutz,8586358096,ojackson@example.net,"3779 Willis Island Suite 882, Rodgersfurt, RI 76596"
V0189,Kyle Vargas,4516774296,gregoryfischer@example.net,"Unit 6952 Box 4592, DPO AP 44104"
V0190,Donna Ward,9129772255,nataliejones@example.org,"831 Alexander Squares, Jadefurt, TN 89983"
V0191,Alicia Anderson,2376550171,vbell@example.net,"5712 Hebert Crossroad, East Kenneth, SD 79658"
V0192,Christopher Reid,6946928876,timothyjackson@example.com,"0031 Greene Flats, Dwaynemouth, IA 80674"
V0193,Stephen Turner,3250639014,nathan79@example.net,"2200 Alexandra Orchard Suite 878, New Ericaton, CT 66683"
V0194,Elizabeth Cooper,5248776784,wwilson@example.org,"03049 Vaughan Unions, Lake Anabury, AZ 54774"
V0195,John Riley,3323783902,amy45@example.com,"49920 Christine Ridges Apt. 727, Lindseyville, PW 51347"
V0196,Jasmine Logan,7868620647,mcdonaldstephen@example.org,"30183 Hammond Throughway Apt. 742, North Melindashire, FM 05458"
V0197,Sherri Nunez,8714369071,jacksondavid@example.org,"974 Owens Springs Apt. 655, Edwardshaven, VI 31275"
V0198,Steven Bailey,4622545308,brittanystafford@example.net,"307 Murray Trail, New Yvonnehaven, TN 63787"
V0199,Brianna Campbell,7201550464,colebarbara@example.com,"6820 James Course, South Jacquelinebury, SC 28093"
V0200,Alicia Combs,1828070773,brucedoyle@example.org,"65775 Sheila Forest, Orrmouth, TN 16444"
V0201,Taylor Rodriguez,1916413477,mcox@example.org,"026 Nelson Divide Suite 238, North William, IL 19326"
V0202,Julian Williams,2541798321,marshricky@example.com,"2749 Jennifer Manor Suite 211, South Mikeport, NJ 70977"
V0203,Stephanie Andrade,6964350829,kgreen@example.net,"2717 Norris Alley Apt. 616, West Jason, KY 91983"
V0204,Laura Ochoa,0214487073,jacobsgregory@example.net,"176 Richard Meadows, East Michaelport, VI 68811"
V0205,Ryan Neal,9625939029,nsawyer@example.org,"Unit 1277 Box 8857, DPO AE 46447"
V0206,Amy Hill,2582922575,anita44@example.net,"553 Lawrence Crossing Suite 135, Hernandezchester, NM 97960"
V0207,Kevin Hansen,9957524736,pamelabaker@example.org,"778 Pearson Track Apt. 156, Hamiltonhaven, PA 81867"
V0208,Robert Holden,1478026560,boonejeremy@example.net,"1414 Trevor Pine, Lake Ronald, CO 55133"
V0209,Sierra Sanders,0591461115,tammy24@example.org,"71906 Howard Pass Apt. 649, Tylerburgh, NY 69278"
V0210,Heather Osborn,3629153232,kylethomas@example.org,"3287 Pierce Keys, New David, WY 78325"
V0211,Catherine Patel,8837773932,maria92@example.net,"56151 Richards Viaduct, Collinsberg, OR 54377"
V0212,Timothy Lin,3389596936,gregory01@example.net,"PSC 7304, Box 2103, APO AP 17096"
V0213,Suzanne Martin,4358212029,sharpyvonne@example.net,"Unit 3679 Box 8786, DPO AE 55825"
V0214,Julie Williams,0903207456,kennethtaylor@example.org,"080 Jermaine Radial Suite 413, East Tyler, NY 70692"
V0215,Raymond Howard,8935564018,melissairwin@example.net,"17199 William Orchard, Cortezchester, MD 16858"
V0216,Jason Parsons,4221553338,lgraham@example.net,"08479 Mitchell Vista, Quinnmouth, AK 69033"
V0217,Laura Kelly,7201988039,paula19@example.net,"USNS Harrell, FPO AP 88746"
V0218,Dr. Steven Watkins,3854787346,hernandezsandra@example.org,"295 Brenda Motorway, West Jonathan, SD 22045"
V0219,Samantha Harris,5455837932,wujessica@example.com,"881 Harper Neck Suite 772, North Charles, MH 91834"
V0220,Amanda Thompson,5545429455,wendy71@example.org,"USCGC Perez, FPO AA 22833"
V0221,Jeremy Carr,7550398576,qjimenez@example.com,"9125 Chase Mission, Callahanchester, OK 07312"
V0222,Stephen Callahan II,0763416624,qsmith@example.org,"46623 Shepard River, Melissaport, NH 02869"
V0223,Caroline Russell,3905333705,heather19@example.org,"9225 Smith Islands Apt. 638, Diazville, GU 67834"
V0224,Jonathan Nichols,2523673856,taylor07@example.net,"9518 Paul Views Apt. 591, New Terry, CT 31929"
V0225,Danny Fritz,4059881905,lucas68@example.org,"PSC 6984, Box 8437, APO AP 09130"
V0226,Paige Martinez,1485719639,traciemason@example.org,"PSC 6166, Box 0192, APO AP 90524"
V0227,Joshua Schultz,6470975983,carolmacias@example.org,"27253 Richard Shore Apt. 346, Loganchester, ME 41569"
V0228,Jennifer Ward,6034389807,angel93@example.com,"7511 Spencer Mountains, South Ronaldville, PW 07074"
V0229,Kimberly Bishop,7790672811,omartinez@example.com,"24205 Joseph Corners Apt. 686, West Katie, OK 33141"
V0230,John Hill,8805436240,stephensmichelle@example.com,"054 Garrett Expressway, North Danielfort, VA 74982"
V0231,Deanna Gilbert,1033263885,ygillespie@example.com,"80692 Timothy Stream, Mooreville, AK 55381"
V0232,David Cunningham,3979700794,smithsonia@example.net,"Unit 6514 Box 1287, DPO AA 69447"
V0233,Hector Oconnor,4643640787,vhuff@example.net,"21338 Short Cape Apt. 324, Nicholasburgh, MI 87389"
V0234,Alexandria Hicks,3186322798,lindsey51@example.com,"0552 Peggy Corners, Stevenville, MN 18291"
V0235,Allison Cohen,8733932677,lhess@example.org,"14900 Johnson Branch, Patriciahaven, WV 94807"
V0236,Kathleen Jefferson,7873066152,edward38@example.net,"13515 Christine Locks, Port Sherry, CT 84587"
V0237,Christopher Parker,8409177191,millerkristen@example.com,"90207 Johnson Spur Apt. 036, Gibsonhaven, NM 54260"
V0238,Deborah Walker,6459022130,haroldcole@example.net,"6853 Thompson Hollow, Lake Mary, MN 98346"
V0239,Tammy Hill,6369113278,freemanroy@example.net,"39303 Richard Camp Apt. 242, East Albertfort, VI 07395"
V0240,Nicole Patterson,0911055309,floresdominic@example.net,"72348 Carter Ville Apt. 021, East Cassandraland, GU 39647"
V0241,Christine Archer,9995148294,taylorjacob@example.net,"243 David Heights Apt. 046, Gailburgh, MT 23741"
V0242,Ellen Lee,0971877008,erinsellers@example.org,"85290 Chavez Mount, North Kimberlytown, UT 06772"
V0243,Jennifer Green,2948097626,ephillips@example.net,"8302 Andrea Ports Apt. 750, Ryanberg, RI 46398"
V0244,Brooke Smith,0270840048,youngnicholas@example.com,"USNV Atkins, FPO AE 05456"
V0245,Charles Richmond,0075502302,denisehill@example.org,"021 Benjamin Manors, Guzmanstad, SC 23682"
V0246,Gregory Bradley,2400708923,vevans@example.com,"PSC 6212, Box 3975, APO AA 86840"
V0247,Randall Whitney,4013199257,floresevelyn@example.org,"04574 Kyle Fall, New Jason, NV 24480"
V0248,Michael Hardy,3760639684,tracyrhodes@example.net,"158 Meza Turnpike Apt. 606, West Emilychester, FL 43215"
V0249,Isaac Love,3357041729,emilyklein@example.com,"23397 Justin Lock Apt. 739, Valenciaton, CA 87017"
V0250,Kelly Williamson,1133990898,john71@example.net,"765 Archer Row, Kristamouth, VT 66424"
V0251,Dr. Laura Johnson,1976886420,matthewnavarro@example.net,"Unit 1447 Box 6818, DPO AP 94335"
V0252,Travis Grant,6012057402,meaganyoung@example.com,"944 Samuel Heights Suite 791, Brandonside, VA 30139"
V0253,Mark Campbell,5042283346,jessica88@example.net,"0263 Petersen Crossroad Apt. 059, Jeffshire, IL 18712"
V0254,Robert Mendoza,0685363215,robertorich@example.org,"1182 Kathleen Highway, Palmertown, WY 34523"
V0255,Candace Barton,8050116205,carrollalexis@example.com,"USS Ferguson, FPO AP 34929"
V0256,Thomas Evans,8703107622,medinamary@example.org,"950 Emily Meadow Suite 485, Carolynfort, NV 66937"
V0257,Robert Sharp,7248886106,kevin88@example.com,"1763 Hancock Mountains Apt. 688, South Deborahland, KS 02939"
V0258,Justin Mccarthy,1142141486,richmonddavid@example.com,"USNS Clements, FPO AP 69673"
V0259,Brooke Hicks,7857591161,vangcarol@example.org,"PSC 0153, Box 0369, APO AP 34652"
V0260,Timothy Munoz,9285023704,lisa34@example.org,"1654 Evans Brook, East Jeffreystad, NY 33406"
V0261,Teresa Munoz,6032942362,vadams@example.org,"23632 Mitchell Row Apt. 614, Michelleport, MT 14169"
V0262,Allison Sanchez,6699131526,campbellerika@example.org,"70959 Robert Knolls Apt. 344, East Annaside, WI 30916"
V0263,Katrina Watson,0535071176,nguyenjoanne@example.org,"42415 Joseph Dale, New Tammy, AZ 31386"
V0264,Larry Richardson,3944673275,dfrancis@example.net,"USNS Powell, FPO AA 79045"
V0265,Heather Ford,2127254685,harriskevin@example.net,"USNV Greene, FPO AE 39437"
V0266,Pamela Walton,9178670688,tracymorgan@example.com,"41866 Johnson Row, Abbottland, MH 53893"
V0267,Jason Miller,8096718006,jesse50@example.org,"23862 Samantha Port Apt. 265, Spencerland, VA 99932"
V0268,Sandy Kennedy,6380072059,jessicaphillips@example.net,"517 Melissa Lakes, Jessicabury, LA 77585"
V0269,Timothy Barnes,7819968065,brian60@example.net,"Unit 6212 Box 4322, DPO AP 85937"
V0270,Cassandra Paul,1114147759,hpayne@example.org,"0874 Joshua Walks Suite 091, North Reneeview, GA 39382"
V0271,Tammy Miller,9168723604,jonesnancy@example.net,"62820 David Keys, East Kevin, MI 20729"
V0272,Gina Patterson,6349470855,dennischelsea@example.net,"317 Figueroa Forks Apt. 586, Port Kerry, GA 82872"
V0273,Wesley Mcintosh,7006653722,leemichael@example.net,"841 Alexander Port, Wiseland, MI 40170"
V0274,Mrs. Brianna Jones,7454821632,fallen@example.net,"87726 Caroline Cliffs, West Christian, SC 97999"
V0275,Alexis Gomez,5563490229,andrea25@example.net,"520 Weber Fall, Patriciaside, SD 58816"
V0276,Michael Johnson,0092137897,jamesbaker@example.net,"817 Adam Square Suite 328, Johnsonside, KS 08025"
V0277,Rebecca Johnson,4987379793,duranpatrick@example.net,"78236 Jeffrey Locks Apt. 260, Jessicashire, AK 20092"
V0278,Taylor Hernandez,8489190174,nicolefox@example.com,"936 Angela Lake, Danahaven, NC 15306"
V0279,Heather Vasquez,9445391818,david13@example.com,"576 Foster Pines, Mayshaven, WI 92544"
V0280,Martha Compton,3069985847,xgardner@example.net,"2010 Nathan Fields Suite 892, East Vicki, IL 18217"
V0281,Melinda Rojas,5060654615,ariana20@example.net,"PSC 5595, Box 1076, APO AP 14708"
V0282,Amanda Hickman,8490820957,perkinswilliam@example.net,"372 Albert Avenue, Simpsonshire, NC 04362"
V0283,Michelle Moore,5864941357,iyoung@example.org,"5034 Smith Tunnel, Dennisbury, OH 32387"
V0284,Kristina Jones,9922258679,jasonhunt@example.com,"4413 Sanchez Ports, Scottville, DC 64378"
V0285,Eric Hickman,3758425910,brandy93@example.net,"PSC 0441, Box 6646, APO AP 72326"
V0286,Matthew Zimmerman,8860389815,heather25@example.org,"PSC 3172, Box 7097, APO AP 81379"
V0287,Matthew Koch,9562337494,mary32@example.net,"027 Juarez Square Suite 148, Christopherton, ID 98904"
V0288,Jessica Ortega,4846273703,wagnerpeggy@example.net,"0589 Christine Harbor Apt. 804, New Amanda, MA 27126"
V0289,Allison Boone,5259299288,dpineda@example.net,"37935 Cynthia Rapids Apt. 684, Kendrahaven, DE 08345"
V0290,Brenda Williams,6746742620,sydney67@example.net,"4949 Braun Mission Apt. 199, Jamesside, GU 84427"
V0291,Gina Pace MD,8441420623,mayskendra@example.net,"69081 Barrera Field, West Carolburgh, MH 09965"
V0292,Austin Joseph,1194301152,jessicagardner@example.com,"556 Smith Summit Suite 636, South Curtisberg, WI 86314"
V0293,Joseph Torres,9297592416,vasquezjack@example.com,"407 Jones Mall Apt. 382, Lake Matthew, VT 59764"
V0294,Christopher Hunt,7715923389,timothy10@example.org,"30013 Simpson Ramp, Sierrachester, CA 74485"
V0295,Robert Frost,6312948509,kristen90@example.org,"28919 Obrien Extensions, Madisontown, NV 13588"
V0296,Lindsey Gonzalez,2614097592,murphytony@example.com,"2336 Wilson Row, Medinaburgh, NV 56664"
V0297,Kathleen Perez,7719666545,efoster@example.com,"394 Edwin Lane Suite 499, Bennettbury, IL 53469"
V0298,Jonathan Guerrero,3920783394,meredith09@example.org,"5268 Green Turnpike, North Ralphshire, NV 60041"
V0299,Brett Erickson,2258509908,bkelly@example.net,"0301 Jeremy Corners Suite 856, East Adrienneland, VI 28274"
V0300,Kathryn West,2196225399,gonzalezdavid@example.org,"52880 Martinez Highway, Matthewsport, ME 52083"
V0301,Melissa Bowen,1223638465,kevingarcia@example.net,"25605 Acevedo Port Apt. 186, Raymondstad, VT 74807"
V0302,Matthew Higgins,4475781556,mdawson@example.org,"841 Andrew Camp Apt. 221, Kimberlyfurt, WY 13386"
V0303,Jessica Day,3340004518,brooksjoyce@example.net,"7958 Danielle Meadows, Rodriguezville, MH 21669"
V0304,Heather Harris,7984878480,reginaldsmith@example.com,"17812 Thompson Lane, West Jessicastad, VT 22967"
V0305,Evan Martin,2199234711,zelliott@example.com,"36929 Belinda Estates, East Brittney, NC 46232"
V0306,Daniel Taylor,2389837886,kennethbaker@example.com,"363 Scott Forest Suite 486, Chelseaburgh, MI 03519"
V0307,Adam Brown,5106875705,daniel64@example.com,"211 Hart Lakes Suite 003, West Carolmouth, SC 66460"
V0308,Dean Goodwin,2930308490,udunn@example.net,"934 Joanna Square Suite 781, Obrienstad, PA 42548"
V0309,Joseph Brooks,2614752540,hailey00@example.net,"413 Erika Shores, Denisetown, NM 02701"
V0310,Danny Bishop,8004237184,sanchezcharles@example.org,"18460 Brown Mission, New Gabrielle, TX 95950"
V0311,Sarah Blankenship,0621661600,romeroryan@example.org,"21477 Kristi Pike Suite 945, Devonburgh, UT 63405"
V0312,Michael Mcintyre,0433469596,joshua20@example.org,"339 Lowe Underpass, Johnhaven, FL 58177"
V0313,Kayla Shaw,7314662277,marissabowen@example.com,"2675 Yu Stravenue Apt. 323, Lake Robert, NE 39347"
V0314,Christopher Fuller,3530771482,xsaunders@example.net,"66954 Nguyen Lane Apt. 615, Port Sarahborough, KS 65892"
V0315,Virginia Powers,0189274035,ihall@example.org,"786 Benson Grove Suite 215, Barberport, WY 54901"
V0316,Jonathan Franco,5339739168,kristinacontreras@example.com,"7817 Nicole Ferry, Jennifertown, PA 15445"
V0317,Mark Evans,9400443482,stevenbrown@example.net,"20259 Snyder Mountains Suite 928, Jonesburgh, CA 95505"
V0318,Kenneth Ayala,0809022568,mclark@example.net,"USNS Miller, FPO AP 01967"
V0319,Krista Marshall,1649235316,hbeck@example.com,"61510 Benjamin Junctions, Kevinburgh, NY 30430"
V0320,Diana Copeland,0094887597,dalton38@example.org,"695 Rush Shoals Suite 676, Lake Bradley, WI 39193"
V0321,William Mccoy,6056732998,sandra61@example.net,"81432 Bradley Pine, South Katherine, NV 66426"
V0322,David Strickland,3147353370,brianaday@example.net,"323 Amy Islands, Parkerton, VA 84111"
V0323,Michael Zamora,8036514027,vanderson@example.net,"82829 Brian Center Apt. 769, North Hector, MN 07414"
V0324,Seth Gibson,5914292775,pamela14@example.org,"85663 May Road Suite 208, Morrisville, NC 88516"
V0325,Eugene Smith,7357770847,zharrell@example.org,"99826 Brenda Shoals Apt. 057, East Brendabury, AZ 30591"
V0326,Vanessa Burns,8448430898,shieldsmichael@example.com,"21406 Ross Grove, Reedport, AK 53750"
V0327,Dana Burns,0461937608,aaron74@example.com,"036 Robert Plains Apt. 677, North Robertland, IL 26629"
V0328,Brandon Gardner,2626445860,bhudson@example.org,"2265 Chad Street Suite 685, Chelseaburgh, VI 53627"
V0329,Katrina Smith,3706029920,llin@example.org,"61710 Hartman Isle Apt. 409, Meganside, MI 36885"
V0330,Dr. Edwin Miller,3126356343,pachecobrandi@example.net,"2005 David Light Apt. 848, Port Michelleberg, AS 86515"
V0331,Tony Shelton,6492000844,vjones@example.org,"Unit 7983 Box 3990, DPO AA 06414"
V0332,Stephen Bailey,6542445056,abigail90@example.org,"786 Lee Cape, East Damonbury, SD 88893"
V0333,Ronald Bishop DDS,7580744912,louisthompson@example.com,"0107 Ellison Ridge, Lake Johnside, AS 40248"
V0334,Ian Nelson,5057088166,lwilson@example.org,"448 Jose Center, South Austinborough, MS 94879"
V0335,Erica Sullivan,3914007970,sarahsmith@example.com,"9310 Elizabeth Parkways Apt. 575, Marquezview, MO 73476"
V0336,Sarah Price,9722263905,alan63@example.net,"841 May Junctions Apt. 744, Ferrellport, NE 38159"
V0337,Molly Mendez,1546377498,lucasbreanna@example.com,"708 Ellen Via Apt. 677, Gutierrezfurt, KS 66671"
V0338,Elizabeth Mitchell,1277169775,randall26@example.org,"3042 Steven Locks Apt. 032, Amyhaven, PA 06639"
V0339,Heather Marquez,8218779788,susanbuckley@example.org,"4754 Wright Key, Averybury, NJ 34924"
V0340,Mr. Alexander Shaw III,1996652362,williamstravis@example.net,"PSC 5988, Box 3934, APO AP 66111"
V0341,Gina Smith,7636221482,jamesgreene@example.com,"Unit 8858 Box 8967, DPO AA 47388"
V0342,Thomas Wolf,1617104867,laura62@example.org,"02106 Donna Rest Apt. 794, Matthewville, AS 71183"
V0343,Carolyn Paul,6312999560,mcampbell@example.com,"7679 Joshua Centers, West Michael, ME 39981"
V0344,Hannah Scott,5333290318,salazarandrew@example.com,"25789 Parker Views, Whiteville, MA 49421"
V0345,Kelly Martinez,3021818000,rmcfarland@example.org,"42703 Coleman Views Apt. 963, Bauerland, NE 56489"
V0346,Jonathan Stone,2818141265,raymondwoods@example.com,"9869 Christy Key, Andrewfurt, MP 47200"
V0347,Pamela Hoffman,5653795015,qmanning@example.org,"5751 Velazquez Green, North Lisahaven, SD 75349"
V0348,Benjamin Schwartz,5104282113,millermatthew@example.org,"USNV Young, FPO AP 97992"
V0349,Maria Glenn,3500806068,igonzalez@example.org,"99432 Justin Plaza Suite 962, Port Jamesfort, PR 47059"
V0350,Jordan Grant,1887347099,derrick62@example.org,"1427 Eric Fork Apt. 080, Port Williammouth, VI 20926"
V0351,Michael Rodriguez,5422981136,halejason@example.com,"Unit 4666 Box 0442, DPO AA 98986"
V0352,Stephanie Mills,3349652529,brad22@example.net,"096 Jones Mount, Davisshire, NJ 42114"
V0353,Timothy Johnson,1491357314,larryscott@example.org,"70148 William Springs Apt. 159, Benitezchester, NJ 82410"
V0354,Michael Jackson,8326800599,lisahiggins@example.com,"2776 Maria Branch Apt. 217, Williamston, RI 07986"
V0355,Amanda Williams,3009750787,margaret83@example.net,"109 Fernandez Forks Apt. 549, Lewiston, NM 24502"
V0356,Tracey Ramirez,6272049310,amy31@example.com,"1675 Brown Forge, Port Karimouth, WI 64992"
V0357,Kristen Simpson,8734087638,mvasquez@example.org,"216 Gardner Radial, Robertport, VA 21455"
V0358,Douglas Gordon,5975848516,linda62@example.net,"1580 David Manors Apt. 933, South Jaclyn, IL 52919"
V0359,Ashley Jones,5474850085,david25@example.com,"0055 Espinoza Gateway Apt. 261, North Jessica, WY 47086"
V0360,Eric Chase,8053856095,oliviagonzalez@example.com,"PSC 1177, Box 9280, APO AA 88750"
V0361,Noah James,1375885681,msummers@example.com,"451 Lawrence Valley, Lake Mary, NE 08609"
V0362,Michelle Delgado,3734073646,krista12@example.com,"9475 Laura Rue, South Jonathan, MT 88079"
V0363,Sarah Smith,3243699606,joshuahuang@example.org,"1539 Williams Stravenue Suite 720, Schaeferburgh, NY 36220"
V0364,John Hall,1509417066,barbaramontes@example.net,"81214 Santos Via, Madisonport, SC 51892"
V0365,Melanie Benjamin,9918009056,iwalker@example.org,"9223 Wilkins Route Apt. 393, South Reginaldchester, NJ 31306"
V0366,Gabrielle Hansen,5276314951,jonesgabriela@example.net,"255 Valdez Falls, Port Amandaville, GA 46907"
V0367,Frances Kerr,0018117777,justinrogers@example.org,"553 Wyatt Roads, New Donnaberg, TX 74467"
V0368,William Conner,6701484382,stephanie90@example.com,"0531 Carr Street, Lake Margaret, ID 75516"
V0369,Jessica Sullivan,0210014139,drobinson@example.org,"841 Williams Pine, Lake Julie, NM 10339"
V0370,Paul Guerrero,5800679559,meyermaureen@example.net,"176 Shane Fields, Kathrynberg, CT 87001"
V0371,Jeremy Ortega,5217016424,michael98@example.com,"42781 Kyle Isle, New Davidland, DE 47202"
V0372,Ashley Parker,3135341020,keytiffany@example.org,"8573 Jones Fall Apt. 385, Wheelerborough, OR 40276"
V0373,Jessica White,9254064054,priceelizabeth@example.net,"7961 Kelly Junctions Suite 694, South Sarah, MN 65894"
V0374,Virginia Williams,2810420295,blackdaniel@example.org,"96098 Theodore Islands Suite 569, South Matthew, MA 08958"
V0375,Kevin Hamilton,2319122147,mark58@example.org,"9664 Bright Drive Suite 410, Kristybury, CT 40574"
V0376,Sonia Neal,5085477749,oconnelltamara@example.org,"03575 Brooke Way Apt. 447, New Martinshire, MS 00923"
V0377,Marcia Tucker,9442597627,erica19@example.org,"75523 Gomez Village Suite 168, Johnsonton, VA 79311"
V0378,Carolyn Dunlap,4731131796,wbenton@example.org,"Unit 2622 Box 3702, DPO AP 79548"
V0379,Debbie Burgess,9986201312,jesselopez@example.com,"99770 Bryan Courts Suite 963, Bateston, VI 12764"
V0380,Edward Turner,3992325246,bcombs@example.org,"34958 Mitchell Stravenue, Smithfort, IL 61410"
V0381,Cristian Dougherty,5371790209,rita77@example.com,"12550 Howard Alley Suite 536, Port Wanda, AZ 39521"
V0382,Jennifer Meadows,4341436429,schmidtsherri@example.com,"154 Smith Road, Watkinsland, UT 79397"
V0383,Maureen Lee,5317018752,robert62@example.com,"315 Zachary Ferry Suite 585, Lake George, WV 57916"
V0384,Thomas Houston,4170974434,hilldana@example.com,"85862 Mackenzie Locks Apt. 396, Lake Heather, NM 78190"
V0385,Gregory Vasquez,3456598346,conleycrystal@example.com,"72967 James Stream, Bennettburgh, MN 41671"
V0386,Samuel Jacobs,7349637397,reyesrobert@example.net,"55357 Kevin Place Apt. 891, East Brooke, WY 11450"
V0387,William Brown,7033508589,karenpowell@example.org,"85102 Melanie Garden Apt. 333, Cathyhaven, AZ 30215"
V0388,Holly Hayes,4294702672,clucas@example.net,"Unit 3385 Box 8016, DPO AA 17709"
V0389,Christopher Evans,9007163703,rtaylor@example.com,"9587 Robin Shoal Apt. 090, Colleenport, SC 35666"
V0390,Shawn Jones,9829240644,thomasjillian@example.org,"74873 Baker Estates, South Jessica, VI 34699"
V0391,Daniel Rodriguez,9280659421,nielsenkaren@example.org,"67183 Michael Flats, Duffyport, IL 58857"
V0392,Sharon Martinez,1001296250,mariapetersen@example.org,"8169 Jodi Parkways, West Zachary, ID 79765"
V0393,Jonathan Chavez,8837206130,josephguerrero@example.net,"6330 Blake Meadow Apt. 879, East Nicolemouth, TX 92625"
V0394,Megan Sandoval,9384562496,emiles@example.org,"294 Williams Mountain, West Meghanland, MH 88355"
V0395,Lisa Franco,9953501659,wellsstacie@example.org,"91350 Joy Shore, Port Loriberg, AZ 47059"
V0396,Leslie Thompson,1209066921,joyce72@example.com,"7535 Alexander Isle Suite 018, South Sarahhaven, SD 69393"
V0397,Bobby Brown,5031147872,qmartinez@example.net,"5519 Gary Ridge, Lake Charlesmouth, DC 12969"
V0398,Susan Smith,9374221377,anne87@example.com,"7264 Moody Radial Apt. 647, Lake Alyssa, ND 30120"
V0399,Blake Pierce,5179376192,ssmith@example.net,"248 Wilson Haven Apt. 498, West Shaunmouth, MD 90749"
V0400,Autumn Armstrong,1630491497,evansjaime@example.org,"17000 Lynch Roads, Port Jasonburgh, NC 76142"
V0401,Timothy Larson,4615984710,onguyen@example.net,"13713 Derek Locks Suite 773, Davidbury, NE 06169"
V0402,Aaron Hensley,3423909310,rogerscameron@example.net,"4510 Hayden Mall Suite 689, Kimhaven, MA 10286"
V0403,Michael Sanchez,0866236305,jessica41@example.com,"6246 Renee Row, Davidhaven, AK 53633"
V0404,Brenda Roman,9521088310,daniel04@example.org,"9345 Tara Cliffs Suite 834, South Teresaburgh, PR 22032"
V0405,Angel Adams,1693134187,swalker@example.com,"7711 Patel Roads, Jonathanview, KY 41992"
V0406,Samantha Hall,7778274438,mwebb@example.com,"46288 Hardy Avenue Suite 858, East Robertport, WY 37044"
V0407,Jonathan Joseph,0609225737,brandonosborne@example.org,"PSC 6657, Box 8889, APO AP 43409"
V0408,Chloe Powell,6607260437,mitchell07@example.com,"5982 Phillips Shores Apt. 496, Kristieville, VI 77774"
V0409,Rodney Lewis,6032145678,abutler@example.com,"62755 Davis Stravenue, Nunezfort, FL 09940"
V0410,Cindy Avila,0706733536,eric12@example.net,"Unit 7976 Box 1065, DPO AE 33605"
V0411,Stephanie Garcia,5404296139,courtneygreer@example.net,"41117 Caldwell Alley Apt. 768, Saraberg, UT 13537"
V0412,John Brewer,4171877802,jeremy01@example.org,"7772 Ryan Alley Apt. 433, Jamesmouth, WA 11786"
V0413,Christina Shepherd,3033846498,jesse24@example.com,"6838 Hardy Ford Apt. 465, Meadowshaven, UT 30318"
V0414,Robert Patrick,0603395698,pruittbrandon@example.org,"7111 Karen Lodge, North Tristan, NJ 16269"
V0415,Brenda Mueller,9546042303,copelandangela@example.com,"4586 Sherman Spur, East Brianafurt, MN 80422"
V0416,Roger Rivera,6232231649,hamiltondonald@example.org,"38481 Randall Haven, New David, NC 13452"
V0417,Katherine Lyons,0253997572,scantrell@example.org,"54719 Powers Forge Suite 449, West Johnhaven, ME 19420"
V0418,Alicia Cunningham,4719796807,dgrant@example.net,"189 Justin Turnpike, East Johntown, OH 31970"
V0419,Christie Powell,8548078164,martineznicholas@example.org,"692 Marissa Centers, Wallerland, MN 33814"
V0420,Nicholas Lin,0549403645,matthew49@example.com,"86504 Manuel Camp, Port Johnfort, NY 97708"
V0421,Tamara Stanton,5899571753,rodriguezmary@example.net,"58710 Lisa Fork, Douglasstad, KS 76388"
V0422,Melanie Scott,1016865987,martinezmichael@example.net,"49170 James Trail, Josephmouth, CA 96346"
V0423,Emily Stone,1566466621,smitherin@example.org,"08024 Adams Mill, West Destiny, WY 10766"
V0424,Craig Sandoval,5400111514,youngdaniel@example.org,"PSC 5164, Box 2826, APO AE 33433"
V0425,Becky Moore,1779127728,mcgeeshannon@example.net,"28417 Robert Alley Apt. 400, Lake Joshua, AS 82852"
V0426,David Kelly,5414598321,kathy13@example.com,"6271 Smith Ridges, Victortown, MN 20926"
V0427,Ian Wolf,0918352719,dickersonsara@example.com,"0321 Hubbard Forks, Lake Kimberlyburgh, NE 87098"
V0428,Leon Acosta DDS,2153932515,thorntonjohn@example.org,"5179 Roy Haven, Vanessafurt, SD 85352"
V0429,Jill Jackson,5230810462,fcharles@example.net,"13897 Michael Motorway Apt. 725, Bairdside, ID 61012"
V0430,Diane Davis,7297957863,joannwhite@example.org,"373 Hall Manor, Buchananfurt, FM 16005"
V0431,Amber Spencer,7831977350,larrymurray@example.org,"USNS Cortez, FPO AA 16299"
V0432,Samantha Walters,8996894644,riverafelicia@example.net,"17775 Cook Parkway Apt. 848, Ryanton, WY 29040"
V0433,Philip Garza,2129688122,michael29@example.org,"USNV Bell, FPO AP 02604"
V0434,Robert Vargas,9300309754,alexandra89@example.net,"074 Dunn Brook, Amberborough, MI 76137"
V0435,John Nelson Jr.,6483293536,miranda83@example.org,"9611 Jennifer Square Apt. 930, Penaburgh, TX 04066"
V0436,Rebecca Cox,6713798149,wileysteven@example.net,"USNV Costa, FPO AP 84643"
V0437,Robin Garcia,0852688696,david51@example.net,"513 Laura Turnpike Suite 863, Stevenmouth, MD 95454"
V0438,Kristopher Moore,4881294294,nathaniel34@example.com,"9101 Julie Spring Suite 078, North Maria, DC 99502"
V0439,Jamie Edwards,3896006504,charlesreynolds@example.com,"57730 Matthew Glens, Bonnieview, PW 24102"
V0440,Shawn Perry,3231748037,adavis@example.net,"64907 Lozano Spurs Suite 692, West Russell, WY 45550"
V0441,Sara Allen,4834890912,valenciamarc@example.com,"959 Rebecca Rapids Suite 566, Kayleetown, NC 90149"
V0442,Laura Jimenez,1315668460,sandersdylan@example.net,"63149 Ellis Mills, Michaelport, KS 82627"
V0443,Samuel Oneill,5997419298,joseph91@example.com,"09076 Stephanie Cliffs Apt. 535, North Whitneychester, VI 90352"
V0444,Jennifer Norris,8415131720,leonardcarr@example.org,"109 Armstrong Mountains, South Tiffanymouth, GU 28955"
V0445,Michelle Porter,9523753193,elizabethlang@example.net,"2074 Erin Summit, Mitchellport, FL 77449"
V0446,Dr. Stephanie Robinson,7001706252,castrotravis@example.com,"864 Green Walk, Campbellbury, WY 18612"
V0447,Emily Ford,5594232907,crystal98@example.com,"99390 Adkins Bypass, Charlesbury, FM 52334"
V0448,Kelsey Thomas,1593725642,ehanson@example.net,"29060 Michelle Cape, Lake Rachaelview, VI 80224"
V0449,Karina Sosa,6286871383,ryanblack@example.org,"8524 Lewis Garden Suite 185, Port Jeremyfort, LA 32831"
V0450,Donald Young,6024799620,gonzalezrichard@example.net,"76162 Connie Villages, Morganport, VI 11844"
V0451,Brian Mckinney,0720945470,wbrown@example.net,"771 Guy Walks, Jenniferview, OK 49561"
V0452,Matthew Koch,5082867877,kevin83@example.net,"0728 Mary Valley, North Gabrielle, VI 86320"
V0453,Keith Jacobson,6376600100,oowens@example.net,"80929 Austin Pike, Lake Connie, VA 17545"
V0454,Eric Sullivan,5301145588,stuartdebbie@example.net,"503 Vega Junctions Suite 897, Cherylfurt, TX 11972"
V0455,Mary Bailey,1771494303,laurie19@example.org,"949 Henderson Causeway Apt. 785, South Aprilport, PW 22150"
V0456,Kayla Dean,9894953868,vrodriguez@example.net,"74953 Farrell Mall Suite 375, North Ryanport, PW 50596"
V0457,Crystal Green,4268534246,carlsongregory@example.com,"02276 Smith Vista Suite 906, South Catherine, NE 13768"
V0458,Anthony Alexander,5813480914,michael04@example.com,"621 Montes Mills Suite 442, West Erin, SD 97330"
V0459,Miss Tammy Thomas DVM,8758000694,james45@example.com,"7059 Donna Brooks, Lake Christineport, AL 21480"
V0460,Kristen Gray,7403084436,npeterson@example.com,"4018 Compton Port, New Dale, WI 03574"
V0461,Lindsay Cummings,3656705470,xmontgomery@example.com,"3623 Savannah Lakes, Port Tyler, MP 01116"
V0462,Michael Tucker,1085663416,sarah21@example.com,"7061 Richard Skyway, East Danny, NY 28288"
V0463,Matthew Parker II,3377199060,gonzalesamanda@example.org,"59622 Krystal Islands Suite 955, New Claudia, TX 08151"
V0464,Mariah Smith,2816339852,kevinwilliams@example.com,"806 Hampton Way Apt. 226, Davidmouth, FL 61556"
V0465,Emily Gonzalez,3230802781,tstevens@example.com,"60996 Nelson Radial Apt. 402, Port Jay, VT 40821"
V0466,Samuel Nichols,5649822360,carlosduncan@example.net,"6427 Johnson Inlet Apt. 801, Lake Thomasburgh, DC 28527"
V0467,Mitchell Bennett,4664241988,scott80@example.net,"762 Jasmine Crescent, Port Micheal, UT 13833"
V0468,Mary Torres,5982106102,jenniferhicks@example.net,"667 Johnson Place Suite 189, West Christophermouth, TN 16891"
V0469,Wayne Phelps,5610145456,cford@example.com,"792 Gross Greens Suite 514, Elizabethbury, CO 16366"
V0470,Michael Hunt,4243747217,alejandro22@example.com,"440 Dixon Skyway, Port Erikaburgh, TN 88352"
V0471,Todd Campbell,4695090621,james50@example.com,"2657 Holly Heights Suite 649, New Julie, GU 18973"
V0472,Arthur Roach,1574513217,hmiller@example.com,"73426 Garcia Overpass Suite 133, Port Peterfort, TN 48149"
V0473,Lawrence Young,4822424589,ithompson@example.com,"2515 Murphy Fords Suite 711, Rodriguezton, NJ 71146"
V0474,John Smith,7994221622,houstonanthony@example.org,"656 Michelle Shores Suite 720, Browningburgh, PW 68989"
V0475,Mallory Ferguson,5950463758,bobbyduarte@example.org,"93739 Griffin Flat Apt. 684, Tylerstad, AS 21145"
V0476,Kelly Bruce,4612301741,graytiffany@example.com,"0026 Isabella Ports, Perezside, ND 20370"
V0477,Patrick Jacobs,3950810690,matthew02@example.org,"99978 Bailey River Apt. 759, Lake Mistyborough, NM 18991"
V0478,Monica Mendez,1856612598,tina09@example.net,"82268 Douglas Village Apt. 184, Craigberg, IN 83002"
V0479,Rebecca Mahoney,2417513564,steven30@example.net,"05127 Pamela Crossing, Patriciabury, DC 71864"
V0480,Jessica Miller,3426398888,kelly36@example.net,"6301 Wood Cliff, New Sarafurt, FL 07040"
V0481,Summer Williams,5994160485,kim34@example.net,"768 Patricia Cove Suite 486, Tracyfort, NH 18851"
V0482,Samantha Stafford,5329782036,nwilson@example.com,"63622 Smith Parkways Apt. 116, East Aprilborough, AZ 46522"
V0483,Jeffrey Torres,5007864596,julieshaw@example.org,"910 Caldwell Wells Suite 435, North Jacobton, CA 97518"
V0484,Jason Hernandez,3823400269,barbara59@example.net,"703 Dodson Fall, Wallaceview, CO 23388"
V0485,Katrina Martin,7597203349,shortjohnny@example.net,"588 Robert Drives, Luceroburgh, PW 23435"
V0486,Gabriela Cherry,4279087555,floresrachel@example.net,"352 William Springs, New Sergio, CT 32431"
V0487,Susan Moore,8719132902,sarah11@example.net,"42621 James Estates, New Michael, NE 82523"
V0488,Lori Gonzalez,0529624152,edwardromero@example.com,"4320 Jeffrey Stream Suite 053, West Robert, TX 88768"
V0489,Courtney Hall,8561944274,ppowell@example.org,"886 Cynthia Cliff Apt. 581, Mathewside, PW 03060"
V0490,Joshua Fernandez,5814609580,astark@example.net,"117 Chang Glen Apt. 559, Port Mariah, NC 04567"
V0491,Kevin Lee,9180948781,andrew23@example.org,"566 Sean Estate, South David, CO 38903"
V0492,Amber Patrick,8614705653,cathytaylor@example.com,"257 Susan Pines Apt. 702, Hughesstad, WA 57593"
V0493,Laura Arias,9496999800,brittany16@example.com,"23721 Ronald Estates, Andersenview, CO 27308"
V0494,Kathryn Smith,7815691462,powellsusan@example.com,"20082 Samantha Trail Suite 755, North Jessicaton, MH 30352"
V0495,John Phillips,1438595482,devin90@example.com,"4290 Raven Gardens Apt. 322, North Leslie, MA 26926"
V0496,Ariel Jones,0830926910,coxderrick@example.net,"83082 Christine Expressway Apt. 290, Lake Daniel, AR 92101"
V0497,Seth Hernandez,2861952254,glenellis@example.com,"USNV Bruce, FPO AA 32113"
V0498,Jeffery Brown,3860690619,cnguyen@example.net,"68462 Anna Keys, New Jonathanmouth, NV 39208"
V0499,Shelia Hernandez,0763057777,matthewmccall@example.org,"24989 Morris Junction, Lake Jason, AZ 85632"
V0500,Sarah Davis,9547097943,christopher64@example.net,"0704 Griffith Port Apt. 062, East Jessicaton, MA 21744"
